{
    "add": false,
    "addmsg": "thanks for add me",
    "apikey": "52b80851ab3d4249a2a6666a777bfe29",
    "ban": [
        "u2191d156f884600c2f6a41eac5c472cd"
    ],
    "bmenubrand": "\ud83d\udc51 \ud835\udc07\ud835\udc04\ud835\udc0b\ud835\udc0f \ud835\udc01\ud835\udc14\ud835\udc18\ud835\udc04\ud835\udc11 \ud83d\udc51",
    "changeCover": false,
    "changeGroupPicture": [],
    "changePicture": false,
    "changeProfileCover": "tmp/cover.bin",
    "changeProfileVideo": {
        "picture": "tmp/pict.bin",
        "stage": 2,
        "status": false,
        "video": "/tmp/linepy-1533757450-2.bin"
    },
    "changeVideo": false,
    "chat": true,
    "chatbot": {
        "": false
    },
    "cmenubrand": "\ud83d\udc51\ud835\udc02\ud835\udc11\ud835\udc04\ud835\udc00\ud835\udc13\ud835\udc0e\ud835\udc11 \ud835\udc0c\ud835\udc04\ud835\udc0d\ud835\udc14\ud83d\udc51",
    "duedate": "25/08/2023",
    "emoji": "\ud83d\udd25",
    "flex": false,
    "flexroom": [],
    "keyCommand": ",",
    "kicker": false,
    "leave": false,
    "leavechat": false,
    "leavemsg": "Thanks For Your Time",
    "limitbuyer": 10,
    "limitowner": 20,
    "limitsb": 20,
    "limitseller": 5,
    "omenubrand": "\ud83d\udc51 \ud835\udc07\ud835\udc04\ud835\udc0b\ud835\udc0f \ud835\udc0c\ud835\udc04\ud835\udc0d\ud835\udc14 \ud83d\udc51",
    "pmenubrand": "\ud83d\udc51 \ud835\udc07\ud835\udc04\ud835\udc0b\ud835\udc0f \ud835\udc0c\ud835\udc04\ud835\udc0d\ud835\udc14 \ud83d\udc51",
    "prefix": ",",
    "print": {},
    "public": true,
    "read": false,
    "remote": [],
    "remote2": false,
    "setKey": true,
    "squad": "c2288f247ed8720394bb7d2eb440a22b4",
    "welcome": true
}