{ 
    "restartPoint": {},
    "restartBot": {},
    "userAgent": {},
    "keyCommand": "",
    "autoAdd": false,
    "autoJoin": false,
    "autoReject": false,
    "autoLeave": true,
    "autoRead": false,
    "server": {},
    "changePicture": false,
    "changeGroupPicture": false,
    "autoJoinTicket": false,
    "Img": {},
    "Images": {},
    "Addimage": false,
    "Admin": {},
    "Gfoto": {},
    "Addadmin": false,
    "Addstaff": false,
    "Delladmin": false,
    "Dellstaff": false,
    "Staff": {},
    "autojoin": true,
    "autoread": false,
    "autoscan": false,
    "blacklist": {
        "ucf97e89bfc77943c7d11c52c9c46b2b9": true
    },
    "dblacklist": false,
    "famzfoto": {},
    "greet": {},
    "limit": 1,
    "message": "Hallo...",
    "message1": "http://line.me/ti/p/~castello_bardian",
    "protectqr": {},
    "protectinvite": {},
    "protectjoin": {},
    "protectkick": {},
    "protectcancel": {},
    "famzreadMember": {},
    "famzreadPoint": {},
    "wblacklist": false,
    "FAMZTEAMBOT": false
}
