{
    "access_key": "0066725464abd96d2cee00863ad9067f",
    "access_token": "ec6a73ed66f5704bf4d071a2174fb736238aaeb6",
    "addContact": {
        "name": "",
        "status": false
    },
    "addImage": {
        "name": "",
        "status": false
    },
    "addPesan": "Thanks for addme @!",
    "addSticker": {
        "name": "",
        "status": false
    },
    "addStickers": {
        "name": "",
        "status": false
    },
    "admin": [
        "udf060a89ebb2af83af77edddb767c329"
    ],
    "ani_guess": [
        "c9a9f741633543d70449a7d9801cbbd28"
    ],
    "apiKey": "8e3cf182-807a-4186-9261-a6c8741a9237",
    "autoAdd": true,
    "autoJoin": false,
    "autoJoinTicket": false,
    "autoLeave": false,
    "autoLike": false,
    "autoRead": false,
    "autoRead1": false,
    "autoReply": false,
    "autoRestart": false,
    "botMute": [],
    "botOff": [],
    "changeCover": false,
    "changeGroupPicture": [],
    "changePicture": false,
    "changeProfileCover": "",
    "changeProfileVideo": {
        "picture": "tmp/pict.bin",
        "stage": 2,
        "status": false,
        "video": "/tmp/linepy-1533757450-2.bin"
    },
    "changeVideo": false,
    "chatbot": {
        "": false
    },
    "checkContact": false,
    "checkPost": false,
    "checkSticker": false,
    "commentPost": "Autolike by : RANABOTS\n\n> Rental Selfbots \n> Sell Tickets Sirichan V.10\n\nMore Info:\n> http://line.me/ti/p/~rana_gg",
    "content": {
        "sam": [
            "ub73add047593a8bc8ef40e4d96597a63",
            "ub73add047593a8bc8ef40e4d96597a63",
            "ub73add047593a8bc8ef40e4d96597a63"
        ],
        "status": true
    },
    "detectMention": false,
    "fancy": {
        "foto1": [],
        "foto2": [],
        "foto3": [],
        "status": false
    },
    "getReader": {},
    "jskick": "Attack",
    "jskick1": "Kickall",
    "keyCommand": "khie ",
    "leaveMC": false,
    "leaveMessage": false,
    "leavePesan": "BETTER NEXT TIME",
    "mayhem": false,
    "mentionPesan": "UFF YOU I KILL U @!􏿿",
    "messageSticker": {
        "addName": null,
        "addStatus": false,
        "listSticker": {
            "addSticker": {
                "STKID": "34751037",
                "STKPKGID": "3204431",
                "STKVER": "1",
                "status": true
            },
            "leaveSticker": null,
            "mentionSticker": null,
            "readerSticker": null,
            "replySticker": null,
            "welcomeSticker": null
        }
    },
    "mimic": {
        "copy": false,
        "status": true,
        "target": {
            "udb68a574c2dd49530fd9affdcead6856": true
        }
    },
    "myProfile": {
        "coverId": "42ccb2d40ff6f00b50621e32fb6f7dad",
        "coverStatus": "",
        "displayName": "▔█▔𝐇𝐄🖤⃝𝗩𝗘𝗘𝗥❥⃟𒁍",
        "pictureStatus": "0hKIgi8C-cFGZaEAMassdrMWZVGgstPhIuInYPUnYSTFV1dVM1NnYPCXlFQld_clY5YHIMBXwYSVF2",
        "statusMessage": "thinking about status....\n\n\nPowered by :\nwww.imjustgood.com",
        "videoProfile": "{\"category\":\"vp.mp4\",\"extension\":\"jpeg\",\"animated\":false,\"width\":1080,\"height\":1080,\"fileSize\":141235,\"tids\":{\"mp4\":\"vp.small\",\"sjpg\":\"vp.sjpg\"}}"
    },
    "notag": false,
    "pesanReader": "Oh hi @! ",
    "protectGroupImage": false,
    "protectGroupName": false,
    "protectGroupQr": false,
    "publicMode": false,
    "qrprotect": false,
    "readerPesan": "Oh hi @! ",
    "replyPesan": "What's wrong\nI'm busy right now",
    "resendChat": false,
    "responGc": false,
    "restartBot": null,
    "restartPoint": null,
    "server": "VPS",
    "setKey": false,
    "sticker": [],
    "timeRestart": 43200,
    "ttt": "line://app/1602687308-GXq4Vvk9?type=text&text=",
    "unsendMessage": false,
    "userAgent": [
        "Mozilla/5.0 (X11; U; Linux i586; de; rv:5.0) Gecko/20100101 Firefox/5.0",
        "Mozilla/5.0 (X11; U; Linux amd64; rv:5.0) Gecko/20100101 Firefox/5.0 (Debian)",
        "Mozilla/5.0 (X11; U; Linux amd64; en-US; rv:5.0) Gecko/20110619 Firefox/5.0",
        "Mozilla/5.0 (X11; Linux) Gecko Firefox/5.0",
        "Mozilla/5.0 (X11; Linux x86_64; rv:5.0) Gecko/20100101 Firefox/5.0 FirePHP/0.5",
        "Mozilla/5.0 (X11; Linux x86_64; rv:5.0) Gecko/20100101 Firefox/5.0 Firefox/5.0",
        "Mozilla/5.0 (X11; Linux x86_64) Gecko Firefox/5.0",
        "Mozilla/5.0 (X11; Linux ppc; rv:5.0) Gecko/20100101 Firefox/5.0",
        "Mozilla/5.0 (X11; Linux AMD64) Gecko Firefox/5.0",
        "Mozilla/5.0 (X11; FreeBSD amd64; rv:5.0) Gecko/20100101 Firefox/5.0",
        "Mozilla/5.0 (Windows NT 6.2; WOW64; rv:5.0) Gecko/20100101 Firefox/5.0",
        "Mozilla/5.0 (Windows NT 6.1; Win64; x64; rv:5.0) Gecko/20110619 Firefox/5.0",
        "Mozilla/5.0 (Windows NT 6.1; Win64; x64; rv:5.0) Gecko/20100101 Firefox/5.0",
        "Mozilla/5.0 (Windows NT 6.1; rv:6.0) Gecko/20100101 Firefox/5.0",
        "Mozilla/5.0 (Windows NT 6.1.1; rv:5.0) Gecko/20100101 Firefox/5.0",
        "Mozilla/5.0 (Windows NT 5.2; WOW64; rv:5.0) Gecko/20100101 Firefox/5.0",
        "Mozilla/5.0 (Windows NT 5.1; U; rv:5.0) Gecko/20100101 Firefox/5.0",
        "Mozilla/5.0 (Windows NT 5.1; rv:2.0.1) Gecko/20100101 Firefox/5.0",
        "Mozilla/5.0 (Windows NT 5.0; WOW64; rv:5.0) Gecko/20100101 Firefox/5.0",
        "Mozilla/5.0 (Windows NT 5.0; rv:5.0) Gecko/20100101 Firefox/5.0"
    ],
    "userMentioned": {},
    "waktu": 10,
    "welcomeMessage": false,
    "welcomePesan": "Selamat datang di grup {gname} @! Semoga betah yah 􀜅􀆚Hare Krishna􏿿"
}